<Configuration>
<Add OfficeClientEdition="64">
    <Product ID="ProplusRetail">
      <Language ID="en-US" />
    </Product>
    <Product ID="ProjectProRetail">
      <Language ID="en-US" />
    </Product>
    <Product ID="VisioProRetail">
      <Language ID="en-US" />
    </Product>
</Add>
<Display Level="Full" AcceptEULA="TRUE" />
<Updates Enabled="TRUE" Channel="Current" />
</Configuration>
<!--  OInstallSetting Branch=1  -->
<!--  OInstallSetting Office=0  -->
<!--  OInstallSetting Arch=0  -->
<!--  OInstallSetting Lang=0  -->
